{"ReferenceFile":"dss","LengthUnit":0,"LocalMatrix":{"e00":1.0,"e01":0.0,"e02":0.0,"e03":0.0,"e10":0.0,"e11":-1.1920928955078126e-7,"e12":-1.0000001192092896,"e13":0.0,"e20":0.0,"e21":1.0000001192092896,"e22":-1.1920928955078126e-7,"e23":0.0,"e30":0.0,"e31":0.0,"e32":0.0,"e33":1.0},"stlColor":{"r":0.30000001192092898,"g":0.4000000059604645,"b":0.6000000238418579,"a":0.30000001192092898}}
