{"cameraMode":{"drawMode":0,"name":"Shaded","section":"Shading Mode"},"sceneLighting":false,"audioPlay":false,"sceneViewState":{"showFog":true,"showMaterialUpdate":false,"showSkybox":true,"showFlares":true,"showImageEffects":true,"showParticleSystems":true},"in2DMode":false,"pivot":{"x":475.7279052734375,"y":184.2186279296875,"z":-591.0195922851563},"rotation":{"x":-0.11823626607656479,"y":-0.623603105545044,"z":0.09616263955831528,"w":-0.7667462229728699},"size":930.6808471679688,"orthographic":false}