{"cameraMode":{"drawMode":0,"name":"Shaded","section":"Shading Mode"},"sceneLighting":false,"audioPlay":false,"sceneViewState":{"showFog":true,"showMaterialUpdate":false,"showSkybox":true,"showFlares":true,"showImageEffects":true,"showParticleSystems":true},"in2DMode":false,"pivot":{"x":-0.07376372814178467,"y":0.20900076627731324,"z":-0.08013546466827393},"rotation":{"x":0.1685987412929535,"y":0.2838422358036041,"z":-0.05077154561877251,"w":0.9425669312477112},"size":0.3433012366294861,"orthographic":false}