{"cameraMode":{"drawMode":0,"name":"Shaded","section":"Shading Mode"},"sceneLighting":false,"audioPlay":false,"sceneViewState":{"showFog":true,"showMaterialUpdate":false,"showSkybox":true,"showFlares":true,"showImageEffects":true,"showParticleSystems":true},"in2DMode":false,"pivot":{"x":0.5651929378509522,"y":-0.9240111112594605,"z":1.0121008157730103},"rotation":{"x":-0.12511444091796876,"y":0.43207746744155886,"z":0.06066908314824104,"w":0.8910535573959351},"size":1.8644185066223145,"orthographic":false}