{"cameraMode":{"drawMode":0,"name":"Shaded","section":"Shading Mode"},"sceneLighting":false,"audioPlay":false,"sceneViewState":{"showFog":true,"showMaterialUpdate":false,"showSkybox":true,"showFlares":true,"showImageEffects":true,"showParticleSystems":true},"in2DMode":false,"pivot":{"x":0.11728191375732422,"y":5.381625175476074,"z":8.096540451049805},"rotation":{"x":0.11128504574298859,"y":-0.08189118653535843,"z":0.009201670996844769,"w":0.9903674125671387},"size":17.687726974487306,"orthographic":false}