{"cameraMode":{"drawMode":0,"name":"Shaded","section":"Shading Mode"},"sceneLighting":false,"audioPlay":false,"sceneViewState":{"showFog":true,"showMaterialUpdate":false,"showSkybox":true,"showFlares":true,"showImageEffects":true,"showParticleSystems":true},"in2DMode":false,"pivot":{"x":-2.418015956878662,"y":-0.25573301315307619,"z":0.8650302886962891},"rotation":{"x":0.16489355266094209,"y":-0.4940390884876251,"z":0.09603884071111679,"w":0.8482418656349182},"size":5.707395553588867,"orthographic":false}